<?xml version="1.0" encoding="ASCII"?>
<EM:ExpertModule xmi:version="2.0" xmlns:xmi="http://www.omg.org/XMI" xmlns:xsi="http://www.w3.org/2001/XMLSchema-instance" xmlns:EM="http:///com.cerner.expert/expertmodule/1.0.0" moduleName="BCC_COPY_ORDER_ALERT">
  <information>
    <runtimeInformation versionString="001.017" externalFileName="BCC_COPY_ORDER_ALERT" lastUpdated="2022-08-24T13:35:05.000-0700" validtionType="PRODUCTION" title="BCC_COPY_ORDER_ALERT" reconcileFlag="1" reconcileDate="2022-08-24T13:35:06.000-0700">
      <duration start="2022-07-12T00:00:00.000-0700" end="2100-12-31T23:59:59.000-0800"/>
      <updateUser userName="Cummings, Chad"/>
    </runtimeInformation>
    <documentation author="chad.cummings" institution="" specialist=""/>
  </information>
  <expertTemplates>
    <events>
      <event name=""/>
      <event name="ADDPROBLEM"/>
      <event name="ADDTOSCRATCHPAD"/>
      <event name="ALLERGY_EVENT"/>
      <event name="AP_ORDER_EVENT"/>
      <event name="BB_RESULT_EVENT"/>
      <event name="CBTFLEXORDERS"/>
      <event name="CHART_SERVER_EVENT"/>
      <event name="CLINICALTRIALSCREEN"/>
      <event name="CLINICAL_EVENT"/>
      <event name="CLOSECHART"/>
      <event name="COLLECTION_EVENT"/>
      <event name="DCP_CN_TASK_UPD"/>
      <event name="DCP_MODTASK_EVENT"/>
      <event name="DCP_PW_COND"/>
      <event name="DCP_PW_OUTCOME_EVENT"/>
      <event name="DIAGNOSIS_EVENT"/>
      <event name="EKS_FORMAT"/>
      <event name="EKS_SYNC_TEST01"/>
      <event name="EKS_TEST_02"/>
      <event name="EKS_TEST_EVENT"/>
      <event name="EKS_TEST_EVENT01"/>
      <event name="ENSURE_EVENT"/>
      <event name="EXPERT_EVENT"/>
      <event name="HEALTHE_EVENT"/>
      <event name="HEALTH_MAINT_QUAL_EVENT"/>
      <event name="HIM_ADD_REQUEST"/>
      <event name="HIM_ADMIT_EVENT"/>
      <event name="HIM_PATIENT_INFO_REQUEST"/>
      <event name="HIM_TEST_EVENT"/>
      <event name="HL7_EVENT"/>
      <event name="MB_EXPEDITE"/>
      <event name="MB_RESULT_EVENT"/>
      <event name="MB_SCRIPTED_WORKUPS"/>
      <event name="MB_SUSCEPTIBILITY"/>
      <event name="MDI_RESULT_EVENT"/>
      <event name="MEDCHARTACTIVATE"/>
      <event name="MPI_ADT"/>
      <event name="OPENCHART"/>
      <event name="ORDERDETAILSET"/>
      <event name="ORDER_EVENT"/>
      <event name="ORDER_PRO_TEST1"/>
      <event name="PATIENT_EVENT"/>
      <event name="PCA_EXPERT_EVENT"/>
      <event name="Person_Transaction"/>
      <event name="PFT_Add_Account"/>
      <event name="PFT_ADJ_WO"/>
      <event name="PFT_CHARGE_EVENT"/>
      <event name="pft_check_amount"/>
      <event name="PFT_VEHICLE"/>
      <event name="PNTFLEXREFRANGE"/>
      <event name="POWERPLANFLEX"/>
      <event name="PROBLEM_EVENT"/>
      <event name="PROFIT_1450_CLAIM_EVENT"/>
      <event name="PROFIT_1500_CLAIM_EVENT"/>
      <event name="PROVIDER_CHG_EVENT"/>
      <event name="PROVIDE_EVENT"/>
      <event name="PWRCHRT_ADD_ORDER"/>
      <event name="RESULT_EVENT"/>
      <event name="RESULT_EVENT_CSM"/>
      <event name="RESULT_EVENT_TEST"/>
      <event name="RXACLAIMSTATUS"/>
      <event name="RXADISPENSESTATUS"/>
      <event name="RXAPRODUCTSELECT"/>
      <event name="RXAWORKQUESTATUS"/>
      <event name="SAASADDTOSCRATCHPAD"/>
      <event name="SAASORDERDETAILSET"/>
      <event name="SAASSIGNORDER"/>
      <event name="SCH_ACTION_EVENT"/>
      <event name="SIGNORDER"/>
      <event name="SN New Pref Card Created"/>
      <event name="SN_CASE_CHECK_IN_EVENT"/>
      <event name="SN_CASE_EVENT"/>
      <event name="SN_CASE_SCHEDULE_EVENT"/>
      <event name="SN_DOCUMENT_OPEN"/>
      <event name="SN_DOCUMENT_STATE"/>
      <event name="SN_FINALIZE_DOC_EVENT"/>
      <event name="SN_PROCEDURE_SCHEDULE"/>
      <event name="SN_SAVE_PROCEDURE"/>
      <event name="SN_TEST_EVENT"/>
      <event name="SOCIAL_HISTORY_ADD"/>
      <event name="SYNCHEVENT"/>
      <event name="TOCFLEX"/>
      <event name="TOUCHOPENCHART"/>
    </events>
    <evokeTemplates>
      <templateDefinitions xsi:type="EM:ExpertTemplate" name="EKS_ORDER_ACTION_DETAIL_E" definition="orders exist ORD_METHOD OPT_ORDERS with action of ORDER_ACTION  and order detail OPT_ORDER_DETAIL OPT_QUALIFIER OPT_LIST1 and OPT_LIST2" description="Orderable, attributes" eventDependency="//@expertTemplates/@events/@event.2 //@expertTemplates/@events/@event.36 //@expertTemplates/@events/@event.39 //@expertTemplates/@events/@event.61 //@expertTemplates/@events/@event.62 //@expertTemplates/@events/@event.63 //@expertTemplates/@events/@event.64 //@expertTemplates/@events/@event.65 //@expertTemplates/@events/@event.66 //@expertTemplates/@events/@event.67 //@expertTemplates/@events/@event.69 //@expertTemplates/@events/@event.81" optimizable="true" reconcilable="true">
        <keywords>ORDER</keywords>
        <arguments xsi:type="EM:ReferentialArgument" name="ORD_METHOD" dataType="CHARACTER" controlType="REFERENTIAL" validationType="READ_ONLY" required="true" reconcileScript="N/A">
          <statements dependency="ORD_METHOD" statement="execute eks_t_db_ref_help &quot;HELPNEWORDMETHOD^&quot; go"/>
        </arguments>
        <arguments xsi:type="EM:ReferentialArgument" name="OPT_ORDERS" dataType="CHARACTER" controlType="LISTBOX" validationType="READ_ONLY" dependency="ORD_METHOD" optimizable="true" reconcileScript="eks_p_ord_method_orders" keyFieldIndex="2">
          <statements dependency="OPT_ORDERS" statement="execute EKS_T_DB_REF_HELP ConCat(&quot;HELPCATALOGTYPE^&quot;, PAR1) go"/>
          <statements dependency="OPT_ORDERS" statement="execute EKS_T_DB_REF_HELP ConCat(&quot;HELPORDALPHA^&quot;, PAR1) go"/>
          <statements dependency="OPT_ORDERS" statement="execute EKS_T_DB_REF_HELP ConCat(&quot;HELPORDERS^&quot;, PAR1) go&#xD;&#xA;"/>
        </arguments>
        <arguments xsi:type="EM:ReferentialArgument" name="ORDER_ACTION" dataType="CHARACTER" controlType="LISTBOX" validationType="READ_ONLY" required="true" optimizable="true" reconcileScript="eks_p_codeset_cki_refhelp  &quot;6003&quot;,&quot;CKI&quot;,&quot;*ALL&quot;" keyFieldIndex="2">
          <statements dependency="ORDER_ACTION" statement="eks_codeset_cki_refhelp &quot;6003&quot;,&quot;CKI&quot;,&quot;*ALL&quot; go"/>
        </arguments>
        <arguments xsi:type="EM:ReferentialArgument" name="OPT_ORDER_DETAIL" dataType="CHARACTER" controlType="REFERENTIAL" validationType="READ_ONLY" reconcileScript="eks_p_order_detail 1" keyFieldIndex="2">
          <statements dependency="OPT_ORDER_DETAIL" statement="execute EKS_T_DB_REF_HELP &quot;HELPDETAILSSELDB_PROVIDE^USEREQUEST&quot; go"/>
          <statements dependency="OPT_ORDER_DETAIL" statement="execute EKS_T_DB_REF_HELP ConCat(&quot;HELPDETAILS_NOACTION^1^&quot;, PAR1) go"/>
        </arguments>
        <arguments xsi:type="EM:ReferentialArgument" name="OPT_QUALIFIER" dataType="CHARACTER" controlType="REFERENTIAL" validationType="READ_ONLY" dependency="OPT_ORDER_DETAIL" reconcileScript="eks_p_qualifier &quot;1&quot;" keyFieldIndex="2">
          <statements dependency="OPT_QUALIFIER" statement="execute EKS_T_DB_REF_HELP ConCat(&quot;HELPQUALIFIERS_PROVIDE^&quot;, PAR1)  go"/>
        </arguments>
        <arguments xsi:type="EM:ReferentialArgument" name="OPT_LIST1" dataType="CHARACTER" controlType="LISTBOX" validationType="READ_ONLY" dependency="OPT_ORDER_DETAIL" optimizable="true" reconcileScript="eks_p_list" keyFieldIndex="2">
          <statements dependency="OPT_LIST1" statement="execute EKS_T_DB_REF_HELP ConCat(&quot;HELPORDDETLIST1^&quot;, PAR1) go"/>
          <statements dependency="OPT_LIST1" statement="execute EKS_T_DB_REF_HELP ConCat(&quot;HELPORDDETLIST4^&quot;, PAR1) go"/>
        </arguments>
        <arguments xsi:type="EM:ReferentialArgument" name="OPT_LIST2" dataType="CHARACTER" controlType="LISTBOX" validationType="READ_ONLY" dependency="OPT_ORDER_DETAIL" optimizable="true" reconcileScript="eks_p_list" keyFieldIndex="2">
          <statements dependency="OPT_LIST2" statement="execute EKS_T_DB_REF_HELP ConCat(&quot;HELPORDDETLIST1^&quot;, PAR1) go"/>
          <statements dependency="OPT_LIST2" statement="execute EKS_T_DB_REF_HELP ConCat(&quot;HELPORDDETLIST4^&quot;, PAR1) go"/>
        </arguments>
      </templateDefinitions>
      <templateDefinitions xsi:type="EM:ExpertTemplate" name="EKS_CURRENT_INFO_E" definition="The current DATA_TYPE QUALIFIER DATA_VALUE" description="Evaluates current information" eventDependency="//@expertTemplates/@events/@event.1 //@expertTemplates/@events/@event.2 //@expertTemplates/@events/@event.3 //@expertTemplates/@events/@event.4 //@expertTemplates/@events/@event.8 //@expertTemplates/@events/@event.9 //@expertTemplates/@events/@event.10 //@expertTemplates/@events/@event.11 //@expertTemplates/@events/@event.13 //@expertTemplates/@events/@event.16 //@expertTemplates/@events/@event.23 //@expertTemplates/@events/@event.24 //@expertTemplates/@events/@event.32 //@expertTemplates/@events/@event.35 //@expertTemplates/@events/@event.36 //@expertTemplates/@events/@event.38 //@expertTemplates/@events/@event.39 //@expertTemplates/@events/@event.40 //@expertTemplates/@events/@event.42 //@expertTemplates/@events/@event.43 //@expertTemplates/@events/@event.50 //@expertTemplates/@events/@event.51 //@expertTemplates/@events/@event.52 //@expertTemplates/@events/@event.56 //@expertTemplates/@events/@event.58 //@expertTemplates/@events/@event.59 //@expertTemplates/@events/@event.61 //@expertTemplates/@events/@event.62 //@expertTemplates/@events/@event.63 //@expertTemplates/@events/@event.64 //@expertTemplates/@events/@event.65 //@expertTemplates/@events/@event.66 //@expertTemplates/@events/@event.67 //@expertTemplates/@events/@event.68 //@expertTemplates/@events/@event.69 //@expertTemplates/@events/@event.80 //@expertTemplates/@events/@event.81 //@expertTemplates/@events/@event.82 //@expertTemplates/@events/@event.83" reconcilable="true">
        <keywords>UTILITY</keywords>
        <arguments xsi:type="EM:ReferentialArgument" name="DATA_TYPE" dataType="CHARACTER" controlType="REFERENTIAL" validationType="READ_ONLY" required="true" reconcileScript="N/A" keyFieldIndex="2">
          <statements dependency="DATA_TYPE" statement="eks_t_current_info_refhelp &quot;DATA_TYPE_E&quot; GO"/>
        </arguments>
        <arguments xsi:type="EM:ReferentialArgument" name="QUALIFIER" dataType="CHARACTER" controlType="REFERENTIAL" validationType="READ_ONLY" required="true" reconcileScript="N/A" keyFieldIndex="2">
          <statements dependency="QUALIFIER" statement="eks_t_current_info_refhelp &quot;QUALIFIER&quot; GO"/>
        </arguments>
        <arguments xsi:type="EM:ReferentialArgument" name="DATA_VALUE" dataType="CHARACTER" controlType="LISTBOX" validationType="READ_ONLY" required="true" dependency="DATA_TYPE" reconcileScript="eks_p_current_info" keyFieldIndex="2">
          <statements dependency="DATA_VALUE" statement="eks_t_current_info_refhelp concat(&quot;DATA_VALUE_1^&quot;, par1) go"/>
          <statements dependency="DATA_VALUE" statement="eks_t_current_info_refhelp concat(&quot;DATA_VALUE_2^&quot;, par1) go"/>
        </arguments>
      </templateDefinitions>
      <templateDefinitions xsi:type="EM:ExpertTemplate" name="EKS_DEBUGEKM_E" definition="Turn debug messaging DEBUG_STATUS" description="Turn debug messaging on or off" eventDependency="//@expertTemplates/@events/@event.1 //@expertTemplates/@events/@event.2 //@expertTemplates/@events/@event.3 //@expertTemplates/@events/@event.4 //@expertTemplates/@events/@event.5 //@expertTemplates/@events/@event.8 //@expertTemplates/@events/@event.9 //@expertTemplates/@events/@event.10 //@expertTemplates/@events/@event.11 //@expertTemplates/@events/@event.13 //@expertTemplates/@events/@event.16 //@expertTemplates/@events/@event.23 //@expertTemplates/@events/@event.26 //@expertTemplates/@events/@event.27 //@expertTemplates/@events/@event.28 //@expertTemplates/@events/@event.31 //@expertTemplates/@events/@event.32 //@expertTemplates/@events/@event.33 //@expertTemplates/@events/@event.34 //@expertTemplates/@events/@event.36 //@expertTemplates/@events/@event.38 //@expertTemplates/@events/@event.39 //@expertTemplates/@events/@event.40 //@expertTemplates/@events/@event.42 //@expertTemplates/@events/@event.43 //@expertTemplates/@events/@event.46 //@expertTemplates/@events/@event.45 //@expertTemplates/@events/@event.49 //@expertTemplates/@events/@event.50 //@expertTemplates/@events/@event.51 //@expertTemplates/@events/@event.52 //@expertTemplates/@events/@event.56 //@expertTemplates/@events/@event.58 //@expertTemplates/@events/@event.59 //@expertTemplates/@events/@event.61 //@expertTemplates/@events/@event.62 //@expertTemplates/@events/@event.63 //@expertTemplates/@events/@event.64 //@expertTemplates/@events/@event.65 //@expertTemplates/@events/@event.66 //@expertTemplates/@events/@event.67 //@expertTemplates/@events/@event.69 //@expertTemplates/@events/@event.70 //@expertTemplates/@events/@event.71 //@expertTemplates/@events/@event.72 //@expertTemplates/@events/@event.73 //@expertTemplates/@events/@event.74 //@expertTemplates/@events/@event.75 //@expertTemplates/@events/@event.76 //@expertTemplates/@events/@event.77 //@expertTemplates/@events/@event.78 //@expertTemplates/@events/@event.80 //@expertTemplates/@events/@event.81 //@expertTemplates/@events/@event.82 //@expertTemplates/@events/@event.83 //@expertTemplates/@events/@event.48" reconcilable="true" alwaysTrue="true">
        <keywords>UTILITY</keywords>
        <arguments xsi:type="EM:ReferentialArgument" name="DEBUG_STATUS" dataType="CHARACTER" controlType="REFERENTIAL" validationType="READ_ONLY" required="true" reconcileScript="N/A" keyFieldIndex="2">
          <statements dependency="DEBUG_STATUS" statement="select debug_status = if (d.seq =  1) &quot;On for subsequent Evoke Templates&quot;&#xD;&#xA; elseif (d.seq = 2) &quot;Off for subsequent Evoke Templates&quot;&#xD;&#xA; elseif (d.seq = 3) &quot;On for all Logic Templates&quot;&#xD;&#xA; elseif (d.seq = 4) &quot;On for all Action Templates&quot;&#xD;&#xA; elseif (d.seq = 5) &quot;On for all Logic and Action Templates&quot;&#xD;&#xA; elseif (d.seq = 6) &quot;To FullAudit for this module only&quot;&#xD;&#xA; elseif (d.seq = 7) &quot;Additional EKSDATA logging&quot;&#xD;&#xA;ENDIF,&#xD;&#xA;_hidden = if (d.seq = 1) 1&#xD;&#xA; elseif (d.seq=2) 0&#xD;&#xA; elseif (d.seq=3) 2&#xD;&#xA; elseif (d.seq=4) 3&#xD;&#xA; elseif (d.seq=5) 4&#xD;&#xA; elseif (d.seq=6) 5&#xD;&#xA; elseif (d.seq=7) 6&#xD;&#xA;endif&#xD;&#xA;&#xD;&#xA;FROM (DUMMYT D WITH SEQ = VALUE(7))"/>
        </arguments>
      </templateDefinitions>
    </evokeTemplates>
    <logicTemplates>
      <templateDefinitions xsi:type="EM:ExpertTemplate" name="EKS_ORDER_ACTION_INC_DETAIL_L" definition="orders exist ORD_METHOD OPT_ORDERS with action of ORDER_ACTION  and order detail OPT_ORDER_DETAIL OPT_QUALIFIER OPT_LIST1 and OPT_LIST2" description="Incoming orderable, attributes" eventDependency="//@expertTemplates/@events/@event.2 //@expertTemplates/@events/@event.36 //@expertTemplates/@events/@event.39 //@expertTemplates/@events/@event.61 //@expertTemplates/@events/@event.62 //@expertTemplates/@events/@event.63 //@expertTemplates/@events/@event.64 //@expertTemplates/@events/@event.65 //@expertTemplates/@events/@event.66 //@expertTemplates/@events/@event.67 //@expertTemplates/@events/@event.69 //@expertTemplates/@events/@event.81" optimizable="true" reconcilable="true">
        <keywords>ORDER</keywords>
        <arguments xsi:type="EM:ReferentialArgument" name="ORD_METHOD" dataType="CHARACTER" controlType="REFERENTIAL" validationType="READ_ONLY" required="true" reconcileScript="N/A">
          <statements dependency="ORD_METHOD" statement="execute eks_t_db_ref_help &quot;HELPNEWORDMETHOD^&quot; go"/>
        </arguments>
        <arguments xsi:type="EM:ReferentialArgument" name="OPT_ORDERS" dataType="CHARACTER" controlType="LISTBOX" validationType="READ_ONLY" dependency="ORD_METHOD" optimizable="true" reconcileScript="eks_p_ord_method_orders" keyFieldIndex="2">
          <statements dependency="OPT_ORDERS" statement="execute EKS_T_DB_REF_HELP ConCat(&quot;HELPCATALOGTYPE^&quot;, PAR1) go&#xD;&#xA;"/>
          <statements dependency="OPT_ORDERS" statement="execute EKS_T_DB_REF_HELP ConCat(&quot;HELPORDALPHA^&quot;, PAR1) go"/>
          <statements dependency="OPT_ORDERS" statement="execute EKS_T_DB_REF_HELP ConCat(&quot;HELPORDERS^&quot;, PAR1) go"/>
        </arguments>
        <arguments xsi:type="EM:ReferentialArgument" name="ORDER_ACTION" dataType="CHARACTER" controlType="LISTBOX" validationType="READ_ONLY" required="true" optimizable="true" reconcileScript="eks_p_codeset_cki_refhelp  &quot;6003&quot;,&quot;CKI&quot;,&quot;*ALL&quot;" keyFieldIndex="2">
          <statements dependency="ORDER_ACTION" statement="eks_codeset_cki_refhelp &quot;6003&quot;,&quot;CKI&quot;,&quot;*ALL&quot; go"/>
        </arguments>
        <arguments xsi:type="EM:ReferentialArgument" name="OPT_ORDER_DETAIL" dataType="CHARACTER" controlType="REFERENTIAL" validationType="READ_ONLY" reconcileScript="eks_p_order_detail 1" keyFieldIndex="2">
          <statements dependency="OPT_ORDER_DETAIL" statement="execute EKS_T_DB_REF_HELP &quot;HELPDETAILSSELDB_PROVIDE^USEREQUEST&quot; go"/>
          <statements dependency="OPT_ORDER_DETAIL" statement="execute EKS_T_DB_REF_HELP ConCat(&quot;HELPDETAILS_NOACTION^1^&quot;, PAR1) go"/>
        </arguments>
        <arguments xsi:type="EM:ReferentialArgument" name="OPT_QUALIFIER" dataType="CHARACTER" controlType="REFERENTIAL" validationType="READ_ONLY" dependency="OPT_ORDER_DETAIL" reconcileScript="eks_p_qualifier &quot;1&quot;" keyFieldIndex="2">
          <statements dependency="OPT_QUALIFIER" statement="execute EKS_T_DB_REF_HELP ConCat(&quot;HELPQUALIFIERS_PROVIDE^&quot;, PAR1)  go"/>
        </arguments>
        <arguments xsi:type="EM:ReferentialArgument" name="OPT_LIST1" dataType="CHARACTER" controlType="LISTBOX" validationType="READ_ONLY" dependency="OPT_ORDER_DETAIL" optimizable="true" reconcileScript="eks_p_list" keyFieldIndex="2">
          <statements dependency="OPT_LIST1" statement="execute EKS_T_DB_REF_HELP ConCat(&quot;HELPORDDETLIST1^&quot;, PAR1) go"/>
          <statements dependency="OPT_LIST1" statement="execute EKS_T_DB_REF_HELP ConCat(&quot;HELPORDDETLIST4^&quot;, PAR1) go"/>
        </arguments>
        <arguments xsi:type="EM:ReferentialArgument" name="OPT_LIST2" dataType="CHARACTER" controlType="LISTBOX" validationType="READ_ONLY" dependency="OPT_ORDER_DETAIL" optimizable="true" reconcileScript="eks_p_list" keyFieldIndex="2">
          <statements dependency="OPT_LIST2" statement="execute EKS_T_DB_REF_HELP ConCat(&quot;HELPORDDETLIST1^&quot;, PAR1) go"/>
          <statements dependency="OPT_LIST2" statement="execute EKS_T_DB_REF_HELP ConCat(&quot;HELPORDDETLIST4^&quot;, PAR1) go"/>
        </arguments>
      </templateDefinitions>
      <templateDefinitions xsi:type="EM:ExpertTemplate" name="EKS_EXEC_CCL_L" definition="Execute PROGRAM_NAME with parameters OPT_PARAM and link to OPT_LINK" description="Execute CCL program" eventDependency="//@expertTemplates/@events/@event.1 //@expertTemplates/@events/@event.2 //@expertTemplates/@events/@event.3 //@expertTemplates/@events/@event.4 //@expertTemplates/@events/@event.5 //@expertTemplates/@events/@event.8 //@expertTemplates/@events/@event.9 //@expertTemplates/@events/@event.10 //@expertTemplates/@events/@event.11 //@expertTemplates/@events/@event.13 //@expertTemplates/@events/@event.16 //@expertTemplates/@events/@event.23 //@expertTemplates/@events/@event.32 //@expertTemplates/@events/@event.34 //@expertTemplates/@events/@event.36 //@expertTemplates/@events/@event.38 //@expertTemplates/@events/@event.39 //@expertTemplates/@events/@event.40 //@expertTemplates/@events/@event.42 //@expertTemplates/@events/@event.43 //@expertTemplates/@events/@event.50 //@expertTemplates/@events/@event.51 //@expertTemplates/@events/@event.52 //@expertTemplates/@events/@event.56 //@expertTemplates/@events/@event.57 //@expertTemplates/@events/@event.58 //@expertTemplates/@events/@event.59 //@expertTemplates/@events/@event.61 //@expertTemplates/@events/@event.62 //@expertTemplates/@events/@event.63 //@expertTemplates/@events/@event.64 //@expertTemplates/@events/@event.65 //@expertTemplates/@events/@event.66 //@expertTemplates/@events/@event.67 //@expertTemplates/@events/@event.68 //@expertTemplates/@events/@event.69 //@expertTemplates/@events/@event.80 //@expertTemplates/@events/@event.81 //@expertTemplates/@events/@event.82 //@expertTemplates/@events/@event.83" reconcilable="true">
        <keywords>UTILITY</keywords>
        <arguments name="PROGRAM_NAME" dataType="CHARACTER" required="true" reconcileScript="eks_p_checkprg"/>
        <arguments name="OPT_PARAM" dataType="CHARACTER" reconcileScript="N/A"/>
        <arguments name="OPT_LINK" dataType="LINK" controlType="TEMPLATE_REFERENCE" reconcileScript="N/A"/>
      </templateDefinitions>
    </logicTemplates>
    <actionTemplates>
      <templateDefinitions xsi:type="EM:ExpertTemplate" name="EKS_ALERT_FLEX_A" definition="Send alert OPT_TITLE stating TXT, OPT_CANCEL_LABEL, OPT_IGNORE_LABEL, OPT_OVERRIDE_REASON, OPT_MODIFY_LABEL, OPT_DEFAULT_LABEL, OPT_ORDERS, OPT_DEFAULT_FIRST_ORDER, OPT_URL_BUTTON_NAME, OPT_URL_ADDRESS, OK_BUTTON_NAME, OPT_FORM, OPT_FORM_BUTTON_NAME, OPT_FORCE_FORM, OPT_LINK" description="Interactive with additional orderable option" eventDependency="//@expertTemplates/@events/@event.1 //@expertTemplates/@events/@event.2 //@expertTemplates/@events/@event.8 //@expertTemplates/@events/@event.10 //@expertTemplates/@events/@event.36 //@expertTemplates/@events/@event.38 //@expertTemplates/@events/@event.39 //@expertTemplates/@events/@event.61 //@expertTemplates/@events/@event.62 //@expertTemplates/@events/@event.63 //@expertTemplates/@events/@event.64 //@expertTemplates/@events/@event.65 //@expertTemplates/@events/@event.66 //@expertTemplates/@events/@event.67 //@expertTemplates/@events/@event.69 //@expertTemplates/@events/@event.81 //@expertTemplates/@events/@event.83" optimizable="true" reconcilable="true">
        <keywords>ALERT</keywords>
        <arguments name="OPT_TITLE" dataType="CHARACTER" validationType="MAX_LENGTH" reconcileScript="N/A"/>
        <arguments name="TXT" dataType="CHARACTER" controlType="TEXT_MULTI_LINE" validationType="MAX_LENGTH" required="true" reconcileScript="N/A"/>
        <arguments name="OPT_CANCEL_LABEL" dataType="CHARACTER" reconcileScript="N/A"/>
        <arguments name="OPT_IGNORE_LABEL" dataType="CHARACTER" reconcileScript="N/A"/>
        <arguments xsi:type="EM:ReferentialArgument" name="OPT_OVERRIDE_REASON" dataType="CHARACTER" controlType="LISTBOX" validationType="READ_ONLY" optimizable="true" reconcileScript="eks_p_codeset_cki_refhelp  &quot;800&quot;,&quot;CKI&quot;,&quot;*ALL,*NONE&quot;" keyFieldIndex="2">
          <statements dependency="OPT_OVERRIDE_REASON" statement="eks_codeset_cki_refhelp &quot;800&quot;,&quot;CKI&quot;,&quot;*ALL,*NONE&quot; go"/>
        </arguments>
        <arguments name="OPT_MODIFY_LABEL" dataType="CHARACTER" reconcileScript="N/A"/>
        <arguments xsi:type="EM:FixedListArgument" name="OPT_DEFAULT_LABEL" dataType="CHARACTER" validationType="READ_ONLY" reconcileScript="N/A">
          <defaultValue xsi:type="EM:StringValue" value="NONE"/>
          <stringTable>
            <column value="@quot;OPT_CANCEL_LABEL@quot;"/>
            <column value="cancel previous order"/>
          </stringTable>
          <stringTable>
            <column value="@quot;OPT_IGNORE_LABEL@quot;"/>
            <column value="ignore the orderable"/>
          </stringTable>
          <stringTable>
            <column value="@quot;OPT_MODIFY_LABEL@quot;"/>
            <column value="modify the orderable"/>
          </stringTable>
          <stringTable>
            <column value="NONE"/>
            <column value="no default value for labels"/>
          </stringTable>
        </arguments>
        <arguments xsi:type="EM:ReferentialArgument" name="OPT_ORDERS" dataType="CHARACTER" controlType="LISTBOX" validationType="READ_ONLY" reconcileScript="eks_p_orders_sentence" keyFieldIndex="2">
          <statements dependency="OPT_ORDERS" statement="execute EKS_T_FLEX_ORDER_REFHELP &quot;CATALOGTYPE^&quot; go"/>
          <statements dependency="OPT_ORDERS" statement="execute EKS_T_FLEX_ORDER_REFHELP concat(&quot;ALPHA^&quot;, PAR1) go"/>
          <statements dependency="OPT_ORDERS" statement="execute EKS_T_FLEX_ORDER_REFHELP concat(&quot;ORDERS^&quot;, PAR1) go"/>
          <statements dependency="OPT_ORDERS" statement="execute EKS_T_FLEX_ORDER_REFHELP concat(&quot;SENTENCE^&quot;, PAR1) go"/>
        </arguments>
        <arguments xsi:type="EM:FixedListArgument" name="OPT_DEFAULT_FIRST_ORDER" dataType="CHARACTER" validationType="READ_ONLY" reconcileScript="N/A">
          <defaultValue xsi:type="EM:StringValue" value="DISABLED"/>
          <stringTable>
            <column value="ENABLED"/>
            <column value="enable the 1st orderable"/>
          </stringTable>
          <stringTable>
            <column value="DISABLED"/>
            <column value="no default orderable"/>
          </stringTable>
        </arguments>
        <arguments name="OPT_URL_BUTTON_NAME" dataType="CHARACTER" reconcileScript="N/A"/>
        <arguments name="OPT_URL_ADDRESS" dataType="CHARACTER" reconcileScript="N/A"/>
        <arguments name="OK_BUTTON_NAME" dataType="CHARACTER" required="true" reconcileScript="N/A">
          <defaultValue xsi:type="EM:StringValue" value="OK"/>
        </arguments>
        <arguments xsi:type="EM:ReferentialArgument" name="OPT_FORM" dataType="CHARACTER" controlType="REFERENTIAL" validationType="READ_ONLY" reconcileScript="eks_p_powerform" keyFieldIndex="2">
          <statements dependency="OPT_FORM" statement="select distinct&#xD;&#xA;  Form_Definition = if (t.seq = 1) &#xD;&#xA;        dfr.definition&#xD;&#xA;     else &#xD;&#xA;        &quot;*NONE&quot;&#xD;&#xA;     endif,&#xD;&#xA;  _hidden  = if (t.seq = 1) &#xD;&#xA;      dfr.dcp_forms_ref_id&#xD;&#xA;     else&#xD;&#xA;         0.0&#xD;&#xA;     endif,&#xD;&#xA;    Description = if (t.seq = 1) &#xD;&#xA;         dfr.description&#xD;&#xA;     else&#xD;&#xA;         &quot;NONE&quot;&#xD;&#xA;     endif&#xD;&#xA;from dcp_forms_ref dfr, (dummyt t with seq=2)&#xD;&#xA;plan dfr where dfr.active_ind = 1 and textlen(trim(dfr.definition)) > 0 and&#xD;&#xA; textlen(trim(dfr.definition)) > 0&#xD;&#xA;join t&#xD;&#xA;order Form_Definition"/>
        </arguments>
        <arguments name="OPT_FORM_BUTTON_NAME" dataType="CHARACTER" reconcileScript="N/A"/>
        <arguments xsi:type="EM:FixedListArgument" name="OPT_FORCE_FORM" dataType="CHARACTER" validationType="READ_ONLY" reconcileScript="N/A">
          <defaultValue xsi:type="EM:StringValue" value="ENABLED"/>
          <stringTable>
            <column value="ENABLED"/>
            <column value="PowerForm must be opened"/>
          </stringTable>
          <stringTable>
            <column value="DISABLED"/>
            <column value="PowerForm optional"/>
          </stringTable>
          <stringTable>
            <column value="FORCE SIGN"/>
            <column value="PowerForm must be signed"/>
          </stringTable>
          <stringTable>
            <column value="ENABLED AND DISMISS"/>
            <column value="PowerPorm must be opened, dismiss Alert"/>
          </stringTable>
          <stringTable>
            <column value="DISABLED AND DISMISS"/>
            <column value="PowerForm optional, dismiss Alert"/>
          </stringTable>
          <stringTable>
            <column value="FORCE SIGN AND DISMISS"/>
            <column value="PowerForm must be signed, dismiss Alert"/>
          </stringTable>
        </arguments>
        <arguments name="OPT_LINK" dataType="LINK" controlType="TEMPLATE_REFERENCE" reconcileScript="N/A"/>
      </templateDefinitions>
    </actionTemplates>
  </expertTemplates>
  <ruleDefinition>
    <evokeSection>
      <evokes evokeEvent="//@expertTemplates/@events/@event.69">
        <logicExpression xsi:type="EM:InfixExpression">
          <leftExpression xsi:type="EM:GroupExpression">
            <expression xsi:type="EM:InfixExpression" operator="OR">
              <leftExpression xsi:type="EM:Antecedent" id="E1" template="EKS_ORDER_ACTION_DETAIL_E">
                <facts argument="ORD_METHOD">
                  <value xsi:type="EM:StringValue" value="for any orderable"/>
                </facts>
                <facts argument="OPT_ORDERS">
                  <value xsi:type="EM:StringValue"/>
                </facts>
                <facts argument="ORDER_ACTION">
                  <value xsi:type="EM:ListValue">
                    <values xsi:type="EM:ListValue">
                      <values xsi:type="EM:CustomValue" hideDisplay="true">
                        <customValue xsi:type="EM:StringValue" value="CDF6003:ORDER"/>
                      </values>
                      <values xsi:type="EM:StringValue" value="Order"/>
                    </values>
                  </value>
                </facts>
                <facts argument="OPT_ORDER_DETAIL">
                  <value xsi:type="EM:ListValue">
                    <values xsi:type="EM:ListValue">
                      <values xsi:type="EM:CustomValue" hideDisplay="true">
                        <customValue xsi:type="EM:StringValue" value="X|634312.0|1|11|0|ORIGORDERID|N"/>
                      </values>
                      <values xsi:type="EM:StringValue" value="Original Order Id,"/>
                    </values>
                  </value>
                </facts>
                <facts argument="OPT_QUALIFIER">
                  <value xsi:type="EM:ListValue">
                    <values xsi:type="EM:ListValue">
                      <values xsi:type="EM:CustomValue" hideDisplay="true">
                        <customValue xsi:type="EM:StringValue" value="def"/>
                      </values>
                      <values xsi:type="EM:StringValue" value="is defined (exists)"/>
                    </values>
                  </value>
                </facts>
                <facts argument="OPT_LIST1">
                  <value xsi:type="EM:StringValue"/>
                </facts>
                <facts argument="OPT_LIST2">
                  <value xsi:type="EM:StringValue"/>
                </facts>
              </leftExpression>
              <rightExpression xsi:type="EM:Antecedent" id="E2" template="EKS_CURRENT_INFO_E">
                <facts argument="DATA_TYPE">
                  <value xsi:type="EM:ListValue">
                    <values xsi:type="EM:ListValue">
                      <values xsi:type="EM:CustomValue" hideDisplay="true">
                        <customValue xsi:type="EM:StringValue" value="4"/>
                      </values>
                      <values xsi:type="EM:StringValue" value="user"/>
                    </values>
                  </value>
                </facts>
                <facts argument="QUALIFIER">
                  <value xsi:type="EM:ListValue">
                    <values xsi:type="EM:ListValue">
                      <values xsi:type="EM:CustomValue" hideDisplay="true">
                        <customValue xsi:type="EM:StringValue" value="="/>
                      </values>
                      <values xsi:type="EM:StringValue" value="is listed in"/>
                    </values>
                  </value>
                </facts>
                <facts argument="DATA_VALUE">
                  <value xsi:type="EM:ListValue">
                    <values xsi:type="EM:ListValue">
                      <values xsi:type="EM:CustomValue" hideDisplay="true">
                        <customValue xsi:type="EM:StringValue" value="20364972.00"/>
                      </values>
                      <values xsi:type="EM:StringValue" value="Cummings, Chad"/>
                      <values xsi:type="EM:ListValue">
                        <values xsi:type="EM:CustomValue" hideDisplay="true">
                          <customValue xsi:type="EM:StringValue" value="C|4"/>
                        </values>
                      </values>
                    </values>
                    <values xsi:type="EM:ListValue">
                      <values xsi:type="EM:CustomValue" hideDisplay="true">
                        <customValue xsi:type="EM:StringValue" value="11853335.00"/>
                      </values>
                      <values xsi:type="EM:StringValue" value="TestON, Oncologist/Hematologist-Physician, MD"/>
                      <values xsi:type="EM:ListValue">
                        <values xsi:type="EM:CustomValue" hideDisplay="true">
                          <customValue xsi:type="EM:StringValue" value="T|4"/>
                        </values>
                      </values>
                    </values>
                  </value>
                </facts>
              </rightExpression>
            </expression>
          </leftExpression>
          <rightExpression xsi:type="EM:Antecedent" id="E3" template="EKS_DEBUGEKM_E">
            <facts argument="DEBUG_STATUS">
              <value xsi:type="EM:ListValue">
                <values xsi:type="EM:ListValue">
                  <values xsi:type="EM:CustomValue" hideDisplay="true">
                    <customValue xsi:type="EM:StringValue" value="5"/>
                  </values>
                  <values xsi:type="EM:StringValue" value="To FullAudit for this module only"/>
                </values>
              </value>
            </facts>
          </rightExpression>
        </logicExpression>
      </evokes>
    </evokeSection>
    <logicSection>
      <logicExpression xsi:type="EM:InfixExpression">
        <leftExpression xsi:type="EM:GroupExpression">
          <expression xsi:type="EM:Antecedent" alias="Incoming Lab Order" id="L1" template="EKS_ORDER_ACTION_INC_DETAIL_L">
            <facts argument="ORD_METHOD">
              <value xsi:type="EM:StringValue" value="for any orderable"/>
            </facts>
            <facts argument="OPT_ORDERS">
              <value xsi:type="EM:StringValue"/>
            </facts>
            <facts argument="ORDER_ACTION">
              <value xsi:type="EM:ListValue">
                <values xsi:type="EM:ListValue">
                  <values xsi:type="EM:CustomValue" hideDisplay="true">
                    <customValue xsi:type="EM:StringValue" value="CDF6003:ORDER"/>
                  </values>
                  <values xsi:type="EM:StringValue" value="Order"/>
                </values>
              </value>
            </facts>
            <facts argument="OPT_ORDER_DETAIL">
              <value xsi:type="EM:ListValue">
                <values xsi:type="EM:ListValue">
                  <values xsi:type="EM:CustomValue" hideDisplay="true">
                    <customValue xsi:type="EM:StringValue" value="X|634312.0|1|11|0|ORIGORDERID|N"/>
                  </values>
                  <values xsi:type="EM:StringValue" value="Original Order Id,"/>
                </values>
              </value>
            </facts>
            <facts argument="OPT_QUALIFIER">
              <value xsi:type="EM:ListValue">
                <values xsi:type="EM:ListValue">
                  <values xsi:type="EM:CustomValue" hideDisplay="true">
                    <customValue xsi:type="EM:StringValue" value="def"/>
                  </values>
                  <values xsi:type="EM:StringValue" value="is defined (exists)"/>
                </values>
              </value>
            </facts>
            <facts argument="OPT_LIST1">
              <value xsi:type="EM:StringValue"/>
            </facts>
            <facts argument="OPT_LIST2">
              <value xsi:type="EM:StringValue"/>
            </facts>
          </expression>
        </leftExpression>
        <rightExpression xsi:type="EM:InfixExpression">
          <leftExpression xsi:type="EM:Antecedent" alias="Check for Copy Orders" id="L2" template="EKS_EXEC_CCL_L">
            <facts argument="PROGRAM_NAME">
              <value xsi:type="EM:StringValue" value="bc_all_eks_copy_check"/>
            </facts>
            <facts argument="OPT_PARAM">
              <value xsi:type="EM:StringValue"/>
            </facts>
            <facts argument="OPT_LINK">
              <value xsi:type="EM:AntecedentReference" antecedent="//@ruleDefinition/@logicSection/@logicExpression/@leftExpression/@expression"/>
            </facts>
          </leftExpression>
          <rightExpression xsi:type="EM:Antecedent" id="L3" template="EKS_EXEC_CCL_L">
            <facts argument="PROGRAM_NAME">
              <value xsi:type="EM:StringValue" value="bcc_log_eks"/>
            </facts>
            <facts argument="OPT_PARAM">
              <value xsi:type="EM:StringValue" value="'chad.cummings@phsa.ca'"/>
            </facts>
            <facts argument="OPT_LINK">
              <value xsi:type="EM:AntecedentReference"/>
            </facts>
          </rightExpression>
        </rightExpression>
      </logicExpression>
    </logicSection>
    <actionSection>
      <action xsi:type="EM:ActionExpression">
        <logicExpression xsi:type="EM:Antecedent" id="A1" template="EKS_ALERT_FLEX_A">
          <facts argument="OPT_TITLE">
            <value xsi:type="EM:StringValue" value="Order Entry Alert"/>
          </facts>
          <facts argument="TXT">
            <value xsi:type="EM:StringValue" value="The Copy function is not available. Please place net new lab order if needed"/>
          </facts>
          <facts argument="OPT_CANCEL_LABEL">
            <value xsi:type="EM:StringValue"/>
          </facts>
          <facts argument="OPT_IGNORE_LABEL">
            <value xsi:type="EM:StringValue"/>
          </facts>
          <facts argument="OPT_OVERRIDE_REASON">
            <value xsi:type="EM:StringValue"/>
          </facts>
          <facts argument="OPT_MODIFY_LABEL">
            <value xsi:type="EM:StringValue"/>
          </facts>
          <facts argument="OPT_DEFAULT_LABEL">
            <value xsi:type="EM:StringValue" value="@quot;OPT_CANCEL_LABEL@quot;"/>
          </facts>
          <facts argument="OPT_ORDERS">
            <value xsi:type="EM:StringValue"/>
          </facts>
          <facts argument="OPT_DEFAULT_FIRST_ORDER">
            <value xsi:type="EM:StringValue" value="DISABLED"/>
          </facts>
          <facts argument="OPT_URL_BUTTON_NAME">
            <value xsi:type="EM:StringValue"/>
          </facts>
          <facts argument="OPT_URL_ADDRESS">
            <value xsi:type="EM:StringValue"/>
          </facts>
          <facts argument="OK_BUTTON_NAME">
            <value xsi:type="EM:StringValue" value="OK"/>
          </facts>
          <facts argument="OPT_FORM">
            <value xsi:type="EM:StringValue"/>
          </facts>
          <facts argument="OPT_FORM_BUTTON_NAME">
            <value xsi:type="EM:StringValue"/>
          </facts>
          <facts argument="OPT_FORCE_FORM">
            <value xsi:type="EM:StringValue" value="ENABLED"/>
          </facts>
          <facts argument="OPT_LINK">
            <value xsi:type="EM:AntecedentReference" antecedent="//@ruleDefinition/@logicSection/@logicExpression/@leftExpression/@expression"/>
          </facts>
        </logicExpression>
      </action>
    </actionSection>
  </ruleDefinition>
</EM:ExpertModule>
